{
  "C1 Baseline": {
    "best_epoch": 0,
    "val_results": {
      "HR@10": 0.1889,
      "HR@20": 0.2532,
      "NDCG@10": 0.11072090182511736,
      "NDCG@20": 0.12686278303328483
    },
    "test_results": {
      "HR@10": 0.1677,
      "HR@20": 0.226,
      "NDCG@10": 0.09778819757023374,
      "NDCG@20": 0.11249623216537095
    },
    "improvements": {}
  },
  "C2 Edge": {
    "best_epoch": 0,
    "val_results": {
      "HR@10": 0.1874,
      "HR@20": 0.2506,
      "NDCG@10": 0.10947974970249431,
      "NDCG@20": 0.12543632658097809
    },
    "test_results": {
      "HR@10": 0.1655,
      "HR@20": 0.223,
      "NDCG@10": 0.09695770276430771,
      "NDCG@20": 0.11150169084837142
    },
    "improvements": {
      "HR@10": -1.311866428145486,
      "NDCG@10": -0.8492791835431416,
      "HR@20": -1.3274336283185852,
      "NDCG@20": -0.8840663352507223
    }
  },
  "C3 Node": {
    "best_epoch": 0,
    "val_results": {
      "HR@10": 0.1729,
      "HR@20": 0.2476,
      "NDCG@10": 0.09720646530949313,
      "NDCG@20": 0.11603160161805481
    },
    "test_results": {
      "HR@10": 0.1588,
      "HR@20": 0.2258,
      "NDCG@10": 0.08905981553771083,
      "NDCG@20": 0.105869308221909
    },
    "improvements": {
      "HR@10": -5.307096004770419,
      "NDCG@10": -8.925803163775447,
      "HR@20": -0.08849557522124148,
      "NDCG@20": -5.890796354601715
    }
  },
  "C4 Both": {
    "best_epoch": 0,
    "val_results": {
      "HR@10": 0.1633,
      "HR@20": 0.2422,
      "NDCG@10": 0.09039038939834562,
      "NDCG@20": 0.11025247209119436
    },
    "test_results": {
      "HR@10": 0.1408,
      "HR@20": 0.2129,
      "NDCG@10": 0.07762136760055256,
      "NDCG@20": 0.09574445171663505
    },
    "improvements": {
      "HR@10": -16.040548598688122,
      "NDCG@10": -20.622969305878552,
      "HR@20": -5.79646017699115,
      "NDCG@20": -14.89097023632806
    }
  },
  "additivity": {
    "HR@10": -0.01580000000000001,
    "NDCG@10": -0.010607953131232237,
    "HR@20": -0.009899999999999992,
    "NDCG@20": -0.00913031518827441
  }
}