{
  "C1 Baseline": {
    "best_epoch": 147,
    "val_results": {
      "HR@10": 0.3707,
      "HR@20": 0.5014,
      "NDCG@10": 0.20971236166406865,
      "NDCG@20": 0.2426984614682598
    },
    "test_results": {
      "HR@10": 0.3436,
      "HR@20": 0.4679,
      "NDCG@10": 0.18970824085844576,
      "NDCG@20": 0.22100473590157194
    },
    "improvements": {}
  },
  "C2 Edge": {
    "best_epoch": 147,
    "val_results": {
      "HR@10": 0.3612,
      "HR@20": 0.4894,
      "NDCG@10": 0.2025440911735559,
      "NDCG@20": 0.23488627790408728
    },
    "test_results": {
      "HR@10": 0.3314,
      "HR@20": 0.4554,
      "NDCG@10": 0.18136314545824006,
      "NDCG@20": 0.21258528607406482
    },
    "improvements": {
      "HR@10": -3.5506402793946577,
      "NDCG@10": -4.398910328008651,
      "HR@20": -2.671511006625338,
      "NDCG@20": -3.8096241662698365
    }
  },
  "C3 Node": {
    "best_epoch": 66,
    "val_results": {
      "HR@10": 0.2107,
      "HR@20": 0.3084,
      "NDCG@10": 0.12066519255049134,
      "NDCG@20": 0.14530708923920846
    },
    "test_results": {
      "HR@10": 0.1898,
      "HR@20": 0.2774,
      "NDCG@10": 0.10566371893427542,
      "NDCG@20": 0.12764420230940815
    },
    "improvements": {
      "HR@10": -44.76135040745053,
      "NDCG@10": -44.30198790725263,
      "HR@20": -40.713827740970295,
      "NDCG@20": -42.24368007830539
    }
  },
  "C4 Both": {
    "best_epoch": 117,
    "val_results": {
      "HR@10": 0.1936,
      "HR@20": 0.2831,
      "NDCG@10": 0.10866243709860751,
      "NDCG@20": 0.13114928979302942
    },
    "test_results": {
      "HR@10": 0.1654,
      "HR@20": 0.2511,
      "NDCG@10": 0.09194593402454557,
      "NDCG@20": 0.11349897177527532
    },
    "improvements": {
      "HR@10": -51.86263096623982,
      "NDCG@10": -51.53297842598589,
      "HR@20": -46.33468689891002,
      "NDCG@20": -48.644099723806846
    }
  },
  "additivity": {
    "HR@10": -0.012199999999999961,
    "NDCG@10": -0.005372689509524159,
    "HR@20": -0.013800000000000034,
    "NDCG@20": -0.005725780706625716
  }
}