{
  "C1 Baseline": {
    "best_epoch": 147,
    "val_results": {
      "HR@10": 0.3707,
      "HR@20": 0.5014,
      "NDCG@10": 0.20971236166406865,
      "NDCG@20": 0.2426984614682598
    },
    "test_results": {
      "HR@10": 0.3436,
      "HR@20": 0.4679,
      "NDCG@10": 0.18970824085844576,
      "NDCG@20": 0.22100473590157194
    },
    "improvements": {}
  },
  "C2 Edge": {
    "best_epoch": 147,
    "val_results": {
      "HR@10": 0.3724,
      "HR@20": 0.5039,
      "NDCG@10": 0.2092534019906148,
      "NDCG@20": 0.24254628939093822
    },
    "test_results": {
      "HR@10": 0.345,
      "HR@20": 0.4709,
      "NDCG@10": 0.19110436934841754,
      "NDCG@20": 0.22287686087139036
    },
    "improvements": {
      "HR@10": 0.4074505238649466,
      "NDCG@10": 0.7359345506838201,
      "HR@20": 0.641162641590084,
      "NDCG@20": 0.8470972181574445
    }
  },
  "C3 Node": {
    "best_epoch": 147,
    "val_results": {
      "HR@10": 0.3763,
      "HR@20": 0.5077,
      "NDCG@10": 0.21312347289666814,
      "NDCG@20": 0.2464067262513653
    },
    "test_results": {
      "HR@10": 0.3482,
      "HR@20": 0.4759,
      "NDCG@10": 0.19387418352750238,
      "NDCG@20": 0.2260910867636167
    },
    "improvements": {
      "HR@10": 1.338766006984864,
      "NDCG@10": 2.1959734854982473,
      "HR@20": 1.709767044240224,
      "NDCG@20": 2.301466908071168
    }
  },
  "C4 Both": {
    "best_epoch": 147,
    "val_results": {
      "HR@10": 0.3739,
      "HR@20": 0.4995,
      "NDCG@10": 0.20957659779397309,
      "NDCG@20": 0.24125801456645454
    },
    "test_results": {
      "HR@10": 0.3389,
      "HR@20": 0.4667,
      "NDCG@10": 0.18789617597734978,
      "NDCG@20": 0.22022900784177168
    },
    "improvements": {
      "HR@10": -1.367869615832374,
      "NDCG@10": -0.9551851163113578,
      "HR@20": -0.25646505663602887,
      "NDCG@20": -0.3510006501153598
    }
  },
  "additivity": {
    "HR@10": -0.010699999999999987,
    "NDCG@10": -0.007374136040124379,
    "HR@20": -0.012199999999999989,
    "NDCG@20": -0.007734203891663433
  }
}