{
  "C1 Baseline": {
    "best_epoch": 144,
    "val_results": {
      "HR@10": 0.4218,
      "HR@20": 0.5765,
      "NDCG@10": 0.23795756131715629,
      "NDCG@20": 0.2769306083449299
    },
    "test_results": {
      "HR@10": 0.3873,
      "HR@20": 0.5393,
      "NDCG@10": 0.21579910307604164,
      "NDCG@20": 0.2541719458189204
    },
    "improvements": {}
  },
  "C2 Edge": {
    "best_epoch": 147,
    "val_results": {
      "HR@10": 0.3723,
      "HR@20": 0.5023,
      "NDCG@10": 0.21141363402607058,
      "NDCG@20": 0.2443195436838501
    },
    "test_results": {
      "HR@10": 0.3445,
      "HR@20": 0.4698,
      "NDCG@10": 0.19305247004076942,
      "NDCG@20": 0.22474023081085415
    },
    "improvements": {
      "HR@10": -11.050864962561324,
      "NDCG@10": -10.54065225992016,
      "HR@20": -12.88707583905062,
      "NDCG@20": -11.579450640486604
    }
  },
  "additivity": {}
}