{
  "best_epoch": 0,
  "val_results": {
    "HR@10": 0.1889,
    "HR@20": 0.2532,
    "NDCG@10": 0.11072090182511736,
    "NDCG@20": 0.12686278303328483
  },
  "test_results": {
    "HR@10": 0.1677,
    "HR@20": 0.226,
    "NDCG@10": 0.09778819757023374,
    "NDCG@20": 0.11249623216537095
  },
  "args": {
    "lr": 0.001,
    "batch": 512,
    "reg": 0.01,
    "epoch": 1,
    "graphNum": 5,
    "decay": 0.96,
    "save_path": "yelp_merchant_baseline",
    "latdim": 64,
    "ssldim": 32,
    "sampNum": 40,
    "testSize": 1000,
    "sslNum": 40,
    "num_attention_heads": 16,
    "gnn_layer": 3,
    "trnNum": 10000,
    "data": "yelp-merchant",
    "keepRate": 0.5,
    "pos_length": 200,
    "att_layer": 2,
    "pred_num": 5,
    "temp": 0.1,
    "ssl_reg": 1e-07,
    "leaky": 0.5,
    "tstEpoch": 3,
    "seed": 100,
    "device": "mps",
    "patience": 20,
    "user": 268653,
    "item": 109325
  },
  "train_history": [
    {
      "epoch": 0,
      "loss": 14.20431342124939,
      "val_HR10": 0.1889,
      "val_NDCG10": 0.11072090182511736
    }
  ]
}