{
  "best_epoch": 0,
  "val_results": {
    "HR@10": 0.1874,
    "HR@20": 0.2506,
    "NDCG@10": 0.10947974970249431,
    "NDCG@20": 0.12543632658097809
  },
  "test_results": {
    "HR@10": 0.1655,
    "HR@20": 0.223,
    "NDCG@10": 0.09695770276430771,
    "NDCG@20": 0.11150169084837142
  },
  "args": {
    "lr": 0.001,
    "batch": 512,
    "reg": 0.01,
    "epoch": 1,
    "graphNum": 5,
    "decay": 0.96,
    "save_path": "yelp_merchant_edge_feature",
    "latdim": 64,
    "ssldim": 32,
    "sampNum": 40,
    "testSize": 1000,
    "sslNum": 40,
    "num_attention_heads": 16,
    "gnn_layer": 3,
    "trnNum": 10000,
    "data": "yelp-merchant",
    "keepRate": 0.5,
    "pos_length": 200,
    "att_layer": 2,
    "pred_num": 5,
    "temp": 0.1,
    "ssl_reg": 1e-07,
    "leaky": 0.5,
    "tstEpoch": 3,
    "seed": 100,
    "device": "mps",
    "patience": 20,
    "use_edge_features": true,
    "use_node_features": false,
    "node_mlp_hidden": 64,
    "user": 268653,
    "item": 109325
  },
  "train_history": [
    {
      "epoch": 0,
      "loss": 14.204813814163208,
      "val_HR10": 0.1874,
      "val_NDCG10": 0.10947974970249431
    }
  ]
}