{
  "best_epoch": 0,
  "val_results": {
    "HR@10": 0.1633,
    "HR@20": 0.2422,
    "NDCG@10": 0.09039038939834562,
    "NDCG@20": 0.11025247209119436
  },
  "test_results": {
    "HR@10": 0.1408,
    "HR@20": 0.2129,
    "NDCG@10": 0.07762136760055256,
    "NDCG@20": 0.09574445171663505
  },
  "args": {
    "lr": 0.001,
    "batch": 512,
    "reg": 0.01,
    "epoch": 1,
    "graphNum": 5,
    "decay": 0.96,
    "save_path": "yelp_merchant_edge_node_feature",
    "latdim": 64,
    "ssldim": 32,
    "sampNum": 40,
    "testSize": 1000,
    "sslNum": 40,
    "num_attention_heads": 16,
    "gnn_layer": 3,
    "trnNum": 10000,
    "data": "yelp-merchant",
    "keepRate": 0.5,
    "pos_length": 200,
    "att_layer": 2,
    "pred_num": 5,
    "temp": 0.1,
    "ssl_reg": 1e-07,
    "leaky": 0.5,
    "tstEpoch": 3,
    "seed": 100,
    "device": "mps",
    "patience": 20,
    "use_edge_features": true,
    "use_node_features": true,
    "node_mlp_hidden": 64,
    "user": 268653,
    "item": 109325,
    "d_u": 4,
    "d_v": 6
  },
  "train_history": [
    {
      "epoch": 0,
      "loss": 12.946033334732055,
      "val_HR10": 0.1633,
      "val_NDCG10": 0.09039038939834562
    }
  ]
}